Element,Z,n,n_star,beta_eff,beta_req,f_pred_GHz,f_exp_GHz,err_percent
Li-7,3,2,1.893155,0.269862,0.268632,0.800252,0.803504,-0.405
Na-23,11,3,3.000000,0.299896,0.299754,1.769821,1.771626,-0.102
K-39,19,4,4.000000,0.256307,0.254780,0.455537,0.461722,-1.340
Rb-87,37,5,5.000000,0.234245,0.233566,6.784608,6.834683,-0.733
Cs-133,55,6,6.000000,0.257171,0.257556,9.235273,9.192632,0.464
