{
  "mode": "analytic",
  "lambda_rel": 1.00005861531014,
  "gamma_rel": 2.0,
  "use_bump": true,
  "kappa0": 174.47965308645612,
  "beta_shape": {
    "b0": 0.2692307692307692,
    "b1": -0.813057,
    "b2": 4.700252,
    "b2_scale": 0.97,
    "b3": 0.0,
    "bump_amp": 0.03571428571428571,
    "bump_center": 11.0,
    "bump_sigma": 3.0
  },
  "nstar_fade": {
    "D1": 0.0,
    "D2": 3.797894,
    "Zc": 2.455635,
    "p": 8.0
  },
  "elements": {
    "Li-7": {
      "Z": 3,
      "n": 2,
      "I": 1.5,
      "gI": 2.1709513333333335,
      "f_exp_Hz": 803504000.0,
      "f_pred_Hz": 800317472.8693295,
      "beta_eff": 0.2698623454314896,
      "beta_req": 0.2686566809787193,
      "n_star": 1.893154975811517,
      "Zeff_screened": 1.6990980632484813,
      "psi_final_m3": 1.5543899056013915e+30,
      "A_over_h_Hz": 400158736.4346647,
      "err_percent": -0.3965788758575623
    },
    "Na-23": {
      "Z": 11,
      "n": 3,
      "I": 1.5,
      "gI": 1.4783480000000002,
      "f_exp_Hz": 1771626000.0,
      "f_pred_Hz": 1771768996.7026057,
      "beta_eff": 0.29989548098005137,
      "beta_req": 0.2999067007766854,
      "n_star": 2.9999999998554974,
      "Zeff_screened": 3.9727694750971043,
      "psi_final_m3": 5.0533360057650376e+30,
      "A_over_h_Hz": 885884498.3513029,
      "err_percent": 0.008071494920808588
    },
    "K-39": {
      "Z": 19,
      "n": 4,
      "I": 1.5,
      "gI": 0.26097733333333334,
      "f_exp_Hz": 461722000.0,
      "f_pred_Hz": 457047390.1982654,
      "beta_eff": 0.2563058486835247,
      "beta_req": 0.2551538585017478,
      "n_star": 3.999999999999977,
      "Zeff_screened": 5.959266162007935,
      "psi_final_m3": 7.384246752032386e+30,
      "A_over_h_Hz": 228523695.0991327,
      "err_percent": -1.0124295142390067
    },
    "Rb-87": {
      "Z": 37,
      "n": 5,
      "I": 1.5,
      "gI": 1.2226666666666668,
      "f_exp_Hz": 6834682610.90429,
      "f_pred_Hz": 6876722099.885732,
      "beta_eff": 0.23418844438610656,
      "beta_req": 0.23475451155162866,
      "n_star": 5.0,
      "Zeff_screened": 10.585488520348418,
      "psi_final_m3": 2.3714892387597026e+31,
      "A_over_h_Hz": 3438361049.942866,
      "err_percent": 0.6150905810076716
    },
    "Cs-133": {
      "Z": 55,
      "n": 6,
      "I": 3.5,
      "gI": 0.7377214285714285,
      "f_exp_Hz": 9192631770.0,
      "f_pred_Hz": 9584977232.395927,
      "beta_eff": 0.25656470481594146,
      "beta_req": 0.26004122570266114,
      "n_star": 6.0,
      "Zeff_screened": 12.468571380909731,
      "psi_final_m3": 2.7391539878725736e+31,
      "A_over_h_Hz": 2396244308.098982,
      "err_percent": 4.268042843577617
    }
  }
}