{
  "mode": "analytic",
  "lambda_rel": 1.0000488468368813,
  "gamma_rel": 2.0,
  "use_bump": true,
  "kappa0": 174.47965308645612,
  "beta_shape": {
    "b0": 0.2692307692307692,
    "b1": -0.813057,
    "b2": 4.700252,
    "b2_scale": 0.9,
    "b3": 0.0,
    "bump_amp": 0.03571428571428571,
    "bump_center": 11.0,
    "bump_sigma": 3.0
  },
  "nstar_fade": {
    "D1": 0.0,
    "D2": 3.797894,
    "Zc": 2.455635,
    "p": 8.0
  },
  "elements": {
    "Li-7": {
      "Z": 3,
      "n": 2,
      "I": 1.5,
      "gI": 2.1709513333333335,
      "f_exp_Hz": 803504000.0,
      "f_pred_Hz": 800317664.7135018,
      "beta_eff": 0.26986226985868844,
      "beta_req": 0.26865667813708455,
      "n_star": 1.893154975811517,
      "Zeff_screened": 1.6990982043164575,
      "psi_final_m3": 1.5543902782043336e+30,
      "A_over_h_Hz": 400158832.3567509,
      "err_percent": -0.39655499991265614
    },
    "Na-23": {
      "Z": 11,
      "n": 3,
      "I": 1.5,
      "gI": 1.4783480000000002,
      "f_exp_Hz": 1771626000.0,
      "f_pred_Hz": 1771942885.8987114,
      "beta_eff": 0.29988182096299004,
      "beta_req": 0.29990668322074127,
      "n_star": 2.9999999998554974,
      "Zeff_screened": 3.972899606445939,
      "psi_final_m3": 5.0538319623696117e+30,
      "A_over_h_Hz": 885971442.9493557,
      "err_percent": 0.01788672658402185
    },
    "K-39": {
      "Z": 19,
      "n": 4,
      "I": 1.5,
      "gI": 0.26097733333333334,
      "f_exp_Hz": 461722000.0,
      "f_pred_Hz": 457538365.6091341,
      "beta_eff": 0.256184259510418,
      "beta_req": 0.25515381556996286,
      "n_star": 3.999999999999977,
      "Zeff_screened": 5.9614000321662735,
      "psi_final_m3": 7.392179153925026e+30,
      "A_over_h_Hz": 228769182.80456704,
      "err_percent": -0.9060937947219153
    },
    "Rb-87": {
      "Z": 37,
      "n": 5,
      "I": 1.5,
      "gI": 1.2226666666666668,
      "f_exp_Hz": 6834682610.90429,
      "f_pred_Hz": 7008212247.182152,
      "beta_eff": 0.23243985677352838,
      "beta_req": 0.23475437503510693,
      "n_star": 5.0,
      "Zeff_screened": 10.652536810810167,
      "psi_final_m3": 2.41683460313346e+31,
      "A_over_h_Hz": 3504106123.591076,
      "err_percent": 2.5389567615181776
    },
    "Cs-133": {
      "Z": 55,
      "n": 6,
      "I": 3.5,
      "gI": 0.7377214285714285,
      "f_exp_Hz": 9192631770.0,
      "f_pred_Hz": 10620982428.926472,
      "beta_eff": 0.2480271941525843,
      "beta_req": 0.2600409402599268,
      "n_star": 6.0,
      "Zeff_screened": 12.902535448464384,
      "psi_final_m3": 3.035219142408575e+31,
      "A_over_h_Hz": 2655245607.231618,
      "err_percent": 15.537994936203908
    }
  }
}