{
  "mode": "analytic",
  "lambda_rel": 1.0000390783752355,
  "gamma_rel": 2.0,
  "use_bump": true,
  "kappa0": 174.47965308645612,
  "beta_shape": {
    "b0": 0.2692307692307692,
    "b1": -0.813057,
    "b2": 4.700252,
    "b2_scale": 0.9,
    "b3": 0.0,
    "bump_amp": 0.03571428571428571,
    "bump_center": 11.0,
    "bump_sigma": 3.0
  },
  "nstar_fade": {
    "D1": 0.0,
    "D2": 3.797894,
    "Zc": 2.455635,
    "p": 8.0
  },
  "elements": {
    "Li-7": {
      "Z": 3,
      "n": 2,
      "I": 1.5,
      "gI": 2.1709513333333335,
      "f_exp_Hz": 803504000.0,
      "f_pred_Hz": 800317657.2180843,
      "beta_eff": 0.26986226985868844,
      "beta_req": 0.26865667529545334,
      "n_star": 1.893154975811517,
      "Zeff_screened": 1.6990982043164575,
      "psi_final_m3": 1.5543902636466093e+30,
      "A_over_h_Hz": 400158828.60904217,
      "err_percent": -0.3965559327539956
    },
    "Na-23": {
      "Z": 11,
      "n": 3,
      "I": 1.5,
      "gI": 1.4783480000000002,
      "f_exp_Hz": 1771626000.0,
      "f_pred_Hz": 1771942662.1168756,
      "beta_eff": 0.29988182096299004,
      "beta_req": 0.29990666566481794,
      "n_star": 2.9999999998554974,
      "Zeff_screened": 3.972899606445939,
      "psi_final_m3": 5.053831324112135e+30,
      "A_over_h_Hz": 885971331.0584378,
      "err_percent": 0.01787409514624692
    },
    "K-39": {
      "Z": 19,
      "n": 4,
      "I": 1.5,
      "gI": 0.26097733333333334,
      "f_exp_Hz": 461722000.0,
      "f_pred_Hz": 457538192.0970703,
      "beta_eff": 0.256184259510418,
      "beta_req": 0.255153772638229,
      "n_star": 3.999999999999977,
      "Zeff_screened": 5.9614000321662735,
      "psi_final_m3": 7.392176350592327e+30,
      "A_over_h_Hz": 228769096.04853514,
      "err_percent": -0.9061313740583561
    },
    "Rb-87": {
      "Z": 37,
      "n": 5,
      "I": 1.5,
      "gI": 1.2226666666666668,
      "f_exp_Hz": 6834682610.90429,
      "f_pred_Hz": 7008201883.108429,
      "beta_eff": 0.23243985677352838,
      "beta_req": 0.23475423851874752,
      "n_star": 5.0,
      "Zeff_screened": 10.652536810810167,
      "psi_final_m3": 2.416831029004835e+31,
      "A_over_h_Hz": 3504100941.5542145,
      "err_percent": 2.538805122088626
    },
    "Cs-133": {
      "Z": 55,
      "n": 6,
      "I": 3.5,
      "gI": 0.7377214285714285,
      "f_exp_Hz": 9192631770.0,
      "f_pred_Hz": 10620945982.149488,
      "beta_eff": 0.2480271941525843,
      "beta_req": 0.2600406548175318,
      "n_star": 6.0,
      "Zeff_screened": 12.902535448464384,
      "psi_final_m3": 3.035208726803811e+31,
      "A_over_h_Hz": 2655236495.537372,
      "err_percent": 15.537598458047325
    }
  }
}