{
  "mode": "analytic",
  "lambda_rel": 1.00005861531014,
  "gamma_rel": 2.0,
  "use_bump": true,
  "kappa0": 174.47965308645612,
  "beta_shape": {
    "b0": 0.2692307692307692,
    "b1": -0.813057,
    "b2": 4.700252,
    "b2_scale": 0.9,
    "b3": 0.0,
    "bump_amp": 0.03571428571428571,
    "bump_center": 11.0,
    "bump_sigma": 3.0
  },
  "nstar_fade": {
    "D1": 0.0,
    "D2": 3.797894,
    "Zc": 2.455635,
    "p": 8.0
  },
  "elements": {
    "Li-7": {
      "Z": 3,
      "n": 2,
      "I": 1.5,
      "gI": 2.1709513333333335,
      "f_exp_Hz": 803504000.0,
      "f_pred_Hz": 800317672.2089285,
      "beta_eff": 0.26986226985868844,
      "beta_req": 0.2686566809787193,
      "n_star": 1.893154975811517,
      "Zeff_screened": 1.6990982043164575,
      "psi_final_m3": 1.554390292762076e+30,
      "A_over_h_Hz": 400158836.10446423,
      "err_percent": -0.39655406707017443
    },
    "Na-23": {
      "Z": 11,
      "n": 3,
      "I": 1.5,
      "gI": 1.4783480000000002,
      "f_exp_Hz": 1771626000.0,
      "f_pred_Hz": 1771943109.6808424,
      "beta_eff": 0.29988182096299004,
      "beta_req": 0.2999067007766854,
      "n_star": 2.9999999998554974,
      "Zeff_screened": 3.972899606445939,
      "psi_final_m3": 5.0538326006279294e+30,
      "A_over_h_Hz": 885971554.8404212,
      "err_percent": 0.017899358038457304
    },
    "K-39": {
      "Z": 19,
      "n": 4,
      "I": 1.5,
      "gI": 0.26097733333333334,
      "f_exp_Hz": 461722000.0,
      "f_pred_Hz": 457538539.1214701,
      "beta_eff": 0.256184259510418,
      "beta_req": 0.2551538585017478,
      "n_star": 3.999999999999977,
      "Zeff_screened": 5.9614000321662735,
      "psi_final_m3": 7.392181957262122e+30,
      "A_over_h_Hz": 228769269.56073505,
      "err_percent": -0.9060562153265181
    },
    "Rb-87": {
      "Z": 37,
      "n": 5,
      "I": 1.5,
      "gI": 1.2226666666666668,
      "f_exp_Hz": 6834682610.90429,
      "f_pred_Hz": 7008222611.2835245,
      "beta_eff": 0.23243985677352838,
      "beta_req": 0.23475451155162866,
      "n_star": 5.0,
      "Zeff_screened": 10.652536810810167,
      "psi_final_m3": 2.4168381772716203e+31,
      "A_over_h_Hz": 3504111305.6417623,
      "err_percent": 2.5391084013522818
    },
    "Cs-133": {
      "Z": 55,
      "n": 6,
      "I": 3.5,
      "gI": 0.7377214285714285,
      "f_exp_Hz": 9192631770.0,
      "f_pred_Hz": 10621018875.871859,
      "beta_eff": 0.2480271941525843,
      "beta_req": 0.26004122570266114,
      "n_star": 6.0,
      "Zeff_screened": 12.902535448464384,
      "psi_final_m3": 3.035229558061464e+31,
      "A_over_h_Hz": 2655254718.9679646,
      "err_percent": 15.538391416192434
    }
  }
}