{
  "mode": "analytic",
  "lambda_rel": 1.0000586162391032,
  "gamma_rel": 2.0,
  "use_bump": true,
  "kappa0": 174.47965308645612,
  "beta_shape": {
    "b0": 0.2692307692307692,
    "b1": -0.813057,
    "b2": 4.700252,
    "b2_scale": 0.9,
    "b3": 0.0,
    "bump_amp": 0.03571428571428571,
    "bump_center": 11.0,
    "bump_sigma": 3.0
  },
  "nstar_fade": {
    "D1": 0.0,
    "D2": 3.797894,
    "Zc": 2.455635,
    "p": 8.0
  },
  "elements": {
    "Li-7": {
      "Z": 3,
      "n": 2,
      "I": 1.5,
      "gI": 2.1709513333333335,
      "f_exp_Hz": 803504000.0,
      "f_pred_Hz": 800317672.2096412,
      "beta_eff": 0.26986226985868844,
      "beta_req": 0.2686566809789895,
      "n_star": 1.893154975811517,
      "Zeff_screened": 1.6990982043164575,
      "psi_final_m3": 1.55439029276346e+30,
      "A_over_h_Hz": 400158836.1048206,
      "err_percent": -0.3965540669814689
    },
    "Na-23": {
      "Z": 11,
      "n": 3,
      "I": 1.5,
      "gI": 1.4783480000000002,
      "f_exp_Hz": 1771626000.0,
      "f_pred_Hz": 1771943109.7021236,
      "beta_eff": 0.29988182096299004,
      "beta_req": 0.299906700778355,
      "n_star": 2.9999999998554974,
      "Zeff_screened": 3.972899606445939,
      "psi_final_m3": 5.053832600688627e+30,
      "A_over_h_Hz": 885971554.8510618,
      "err_percent": 0.01789935923968388
    },
    "K-39": {
      "Z": 19,
      "n": 4,
      "I": 1.5,
      "gI": 0.26097733333333334,
      "f_exp_Hz": 461722000.0,
      "f_pred_Hz": 457538539.13797086,
      "beta_eff": 0.256184259510418,
      "beta_req": 0.25515385850583056,
      "n_star": 3.999999999999977,
      "Zeff_screened": 5.9614000321662735,
      "psi_final_m3": 7.392181957528715e+30,
      "A_over_h_Hz": 228769269.56898543,
      "err_percent": -0.9060562117527723
    },
    "Rb-87": {
      "Z": 37,
      "n": 5,
      "I": 1.5,
      "gI": 1.2226666666666668,
      "f_exp_Hz": 6834682610.90429,
      "f_pred_Hz": 7008222612.269131,
      "beta_eff": 0.23243985677352838,
      "beta_req": 0.2347545115646111,
      "n_star": 5.0,
      "Zeff_screened": 10.652536810810167,
      "psi_final_m3": 2.416838177611514e+31,
      "A_over_h_Hz": 3504111306.1345654,
      "err_percent": 2.5391084157729398
    },
    "Cs-133": {
      "Z": 55,
      "n": 6,
      "I": 3.5,
      "gI": 0.7377214285714285,
      "f_exp_Hz": 9192631770.0,
      "f_pred_Hz": 10621018879.3379,
      "beta_eff": 0.2480271941525843,
      "beta_req": 0.26004122572980615,
      "n_star": 6.0,
      "Zeff_screened": 12.902535448464384,
      "psi_final_m3": 3.035229559051974e+31,
      "A_over_h_Hz": 2655254719.834475,
      "err_percent": 15.538391453896997
    }
  }
}